[{"line":1,"elements":[{"start_timestamp":"2023-03-03T06:38:09.257Z","before":[{"result":{"duration":1809257700,"status":"passed"},"match":{"location":"StepDefinations.Whaot_Common_Step_Definations.Beforescenario(io.cucumber.java.Scenario)"}}],"line":16,"name":"Verify the valid user scucessful login","description":"","id":"this-to-test-login-whaot;verify-the-valid-user-scucessful-login;;2","type":"scenario","keyword":"Scenario Outline","steps":[{"result":{"error_message":"java.lang.NullPointerException: Cannot invoke \"org.openqa.selenium.WebDriver.get(String)\" because the return value of \"whaot_webdriver_manager.DriverManager.getDriver()\" is null\r\n\tat StepDefinations.WhaotloginDefinations.user_is_whaot_home_page(WhaotloginDefinations.java:32)\r\n\tat ✽.user is whaot home page(file:///C:/Users/CSS/eclipse-workspace/Whaot_Cucumber/src/test/resources/features/whaot_login.feature:4)\r\n","duration":2675000,"status":"failed"},"line":4,"name":"user is whaot home page","match":{"location":"StepDefinations.WhaotloginDefinations.user_is_whaot_home_page()"},"keyword":"Given "},{"result":{"status":"skipped"},"line":5,"name":"user click the signin button","match":{"location":"StepDefinations.WhaotloginDefinations.user_click_the_signin_button()"},"keyword":"And "},{"result":{"status":"skipped"},"line":6,"name":"enter the signin mobile number 8056300259","match":{"arguments":[{"val":"8056300259","offset":31}],"location":"StepDefinations.WhaotloginDefinations.enter_the_signin_mobile_number(java.lang.String)"},"keyword":"When "},{"result":{"status":"skipped"},"line":7,"name":"click the proceed to button","match":{"location":"StepDefinations.WhaotloginDefinations.click_the_proceed_to_button()"},"keyword":"And "},{"result":{"status":"skipped"},"line":8,"name":"enter the signin OTP1 number 1","match":{"arguments":[{"val":"1","offset":29}],"location":"StepDefinations.WhaotloginDefinations.enter_the_signin_otp1_number(java.lang.String)"},"keyword":"When "},{"result":{"status":"skipped"},"line":9,"name":"enter the signin OTP2 number 2","match":{"arguments":[{"val":"2","offset":29}],"location":"StepDefinations.WhaotloginDefinations.enter_the_signin_otp2_number(java.lang.String)"},"keyword":"When "},{"result":{"status":"skipped"},"line":10,"name":"enter the signin OTP3 number 3","match":{"arguments":[{"val":"3","offset":29}],"location":"StepDefinations.WhaotloginDefinations.enter_the_signin_otp3_number(java.lang.String)"},"keyword":"When "},{"result":{"status":"skipped"},"line":11,"name":"enter the signin OTP4 number 4","match":{"arguments":[{"val":"4","offset":29}],"location":"StepDefinations.WhaotloginDefinations.enter_the_signin_otp4_number(java.lang.String)"},"keyword":"When "},{"result":{"status":"skipped"},"line":12,"name":"user successfully login the to be show the homepage","match":{"location":"StepDefinations.WhaotloginDefinations.user_successfully_login_the_to_be_show_the_homepage()"},"keyword":"Then "}]}],"name":"This to test login whaot","description":"","id":"this-to-test-login-whaot","keyword":"Feature","uri":"file:src/test/resources/features/whaot_login.feature","tags":[]}]